Importance,Category,Architecture Area,HLD Section / Aspect,Observation,Risk / Impact,Recommendation,Status
Critical,Security & PCI,PCI Boundary & Segmentation,Project Context / Security Architecture,"The HLD presents a clear PCI boundary and separation between PCI and Non-PCI flows; this is a strong control. However, the document should explicitly state the trust boundary, enclave ownership, and ingress/egress controls for every data path to avoid accidental PCI scope expansion.","If PCI scope is not tightly enforced, data or services may spill into non-PCI zones, creating compliance and operational risk.","Add a formal PCI scope matrix showing each component, data type, and trust zone; require architecture sign-off before build starts.",Needs confirmation
Critical,Security & PCI,Key Management & Secret Handling,TSYS Integration / IAM / Security Controls,"The document references TSYS HMAC and secure integration patterns, but it should specify the complete lifecycle for secrets, certificates, KMS keys, and rotation responsibilities. The HLD should clearly identify who owns the KMS alias, key policy, and rotation schedule.",Weak or undocumented key handling can cause integration failure or security exposure and may fail PCI evidence expectations.,"Document key hierarchy, key rotation cadence, secret storage method, and emergency revocation process with named owners and approval points.",Needs confirmation
High,Security & PCI,Logging,Storage / Auditability,"The HLD states that cardholder data is not stored or logged, which is good, but the design should also address log scrubbing, redaction rules, and the exact controls for CloudWatch logs, Lambda logs, S3 access logs, and VPC flow logs.","Even if data is not stored, poorly scoped logging can leak PAN/PIN-related information or create retention violations.",Define log redaction standards and an automated evidence review for all log sources; validate no sensitive values appear in structured or unstructured logs.,Needs confirmation
High,Architecture & Design,Integration Resilience,Use Case Realization / Data Flow,"The PCI path depends on Amazon Connect, Lambda functions, TSYS APIs, and shared AWS services. The HLD references secure flows but should describe retry behavior, timeout thresholds, circuit breaking, rate limits, and fallback behavior for each external dependency.",Operational outages or API throttling can create broken customer journeys and affect SLA performance for high-risk transactions.,"Add a transaction resilience model: retry policy, timeout budget, queueing strategy, dead-letter handling, and fallback user experience for each use case.",Needs confirmation
High,Integration & APIs,API Contract Governance,TSYS / External Service Integration,"The HLD is architecture-level but should define the API contract model with message schema, versioning strategy, authentication method, idempotency keys, and error taxonomy for all TSYS interactions.","Without explicit contract control, teams may implement inconsistent payload handling or break integration during production changes.","Publish a canonical API contract and versioning policy, with backward compatibility rules and sample payloads for all external interfaces.",Needs confirmation
High,Data & Privacy,Data Classification & Retention,Data Governance / Storage,"The HLD describes PCI-sensitive data handling and notes the absence of persistence for PAN and PIN, which is positive, but it should include explicit retention periods for call recordings, screen recordings, AWS logs, and S3 artifacts.","Retention gaps can create compliance risk, excess storage cost, and audit issues if artifacts are kept longer than required.","Define retention schedules, legal hold rules, and deletion automation for all audio, logs, and support artifacts containing sensitive or regulated data.",Needs confirmation
High,Operations & Resilience,Disaster Recovery & Business Continuity,Deployment Approach / Environment Model,"The HLD describes the environment model and security zones, but it should explicitly define RTO/RPO, restoration sequence, and failover behavior for the PCI-only path and its dependency chain.","A secure design without recovery criteria can fail under service outages or regional disruption, increasing customer impact.","Add DR runbooks, restore order, and RTO/RPO targets for Connect, Lambda, security controls, and TSYS dependency availability.",Needs confirmation
High,Security & PCI,Access Control & Least Privilege,IAM / AWS Applications Authorization,"The HLD references narrowed IAM scopes and strong security controls, which is positive. However, the design should provide a matrix mapping every principal, privilege scope, and action to the specific use case or service requiring it.",Over-broad IAM or implicit trust links can create lateral movement risk and increase PCI exposure.,"Produce a least-privilege matrix by role and resource, including service control policies, access review dates, and approval workflow.",Needs confirmation
Medium,Architecture & Design,Environment Separation,Environment / Network Security Zones,"The HLD references DEV, STG, QA, and PROD and separate VPC zones, but the architecture should more clearly show traffic controls and segregation across non-production and production layers for data and admin access.",Poor segmentation between environments can create test contamination and allow accidental production access to sensitive flows.,"Document environment-specific network paths, admin flow restrictions, and promotion controls with least-privilege access for each stage.",Needs confirmation
Medium,Operations & Resilience,Alerting & Monitoring,Security Architecture / Operations,"The solution appears to include key AWS monitoring primitives, but the HLD should define alert thresholds, operational dashboards, and escalation paths for failed TSYS calls, Lambda errors, VPC anomalies, and suspicious access events.","Without clear monitoring, critical failures may go unnoticed until customer impact or audit findings arise.","Specify monitoring coverage, SLOs, alert routing, and runbook ownership for each critical component and integration.",Needs confirmation
Medium,Performance & Scalability,Concurrency / Latency,Use Case Realization / API Interactions,"The HLD should validate expected peak call volumes, Lambda concurrency assumptions, API latency budgets, and customer wait-time tolerance for each PIN/account use case.","If peak load or latency is not modeled, the system can fail under PLANNED volume spikes or backlog conditions during campaigns and outages.","Add workload assumptions, performance budgets, concurrency targets, and scaling triggers for each flow path.",Needs confirmation
Medium,Compliance & Governance,PCI Control Evidence,Security Architecture / Governance,"The HLD is structurally strong, but evidence mapping to PCI DSS requirements should be explicit: access control, encryption, logging, change control, vulnerability management, and vendor assurance.",Architecture reviews without a traceability map may have gaps during audit or compliance review.,"Add a PCI control traceability table mapping HLD sections to control objective, evidence artifact, owner, and review frequency.",Needs confirmation
Medium,Security & PCI,Network Security Controls,Network Security Zones / NAT / Firewall,"The HLD includes AWS Network Firewall and NAT Gateway, which is good. However, the design needs a clear statement on allowed protocols, ports, destination restrictions, and TLS termination points for inbound and outbound traffic.",Ambiguous network rules can create operational friction or over-permissive firewall paths.,"List explicit egress/ingress rules, expected destinations, and firewall rule review cadence by environment.",Needs confirmation
Medium,Operations & Resilience,Change & Release Management,Deployment Approach / HLD Governance,"The HLD references development and approval steps, but it should define change approval gates, release windows, and rollback criteria specifically for PCI-regulated changes.","In regulated environments, uncontrolled changes can create operational instability and audit exceptions.","Define a release governance model with pre-production validation, rollback checkpoints, and approval for production changes affecting PCI flows.",Needs confirmation
Low,Data & Privacy,Screen / Audio Recording Handling,Data Flow / Storage,"The design rightly notes that sensitive data is not persisted, but there is a need to document near-real-time handling and redaction of screen and call audio in relation to customer account information.","If audio or screen data includes PAN, PIN, or sensitive account values, compliance risk increases even without storage.","Define redaction, masking, and retention rules for recording capture, storage, and playback access based on business use case.",Needs confirmation
Low,Architecture & Design,Documentation Completeness,Overall HLD Structure,"The HLD is strong in high-level architecture and security narrative. To improve governance, it should include clear assumptions, open issues, and unresolved design decisions in a dedicated appendix or decision log.",Unresolved decisions can create implementation drift and rework across engineering teams.,"Add a decision log capturing open items, assumptions, and owner sign-off status for each unresolved design decision.",Needs confirmation
Low,Operations & Resilience,Testing & Validation Strategy,Architecture Review / Technical Validation,"The design describes controls and data flows but should also include a validation matrix for security tests, integration tests, failover tests, and regression coverage for all PCI use cases.","Without explicit validation criteria, different teams may implement inconsistent testing and produce non-comparable results.","Define a validation matrix covering negative tests, resilience tests, and security tests for each PCI use case.",Needs confirmation
High,Security & PCI,Service-to-Service Trust & Zero Trust,Security Architecture,"The design should formally state whether the architecture follows a zero-trust model for internal service communication or relies on trusted network boundaries only. This is especially important in AWS-focused deployments with Lambda, VPC endpoints, and external API connectivity.",A trust-based model can allow lateral movement and broaden the blast radius if one service is compromised.,"Clarify the trust model for all internal communications and enforce service identity, endpoint restrictions, and least-privilege network policies.",Needs confirmation
Critical,Overall Assessment,Overall Architecture Verdict,Executive Summary,"The HLD demonstrates a well-structured, policy-aware PCI architecture with strong emphasis on scope separation, secure integration, and protection of cardholder data. The main improvement opportunity is not the core design direction but the completeness of formal controls, evidence mapping, and operational guardrails. This is a strong base for implementation, but it requires tighter governance before production sign-off.","If the design is approved without explicit operational and evidence artifacts, the project risks implementation drift, audit findings, and failed runtime resiliency under production load.","Proceed with implementation only after completing the missing security, compliance, operational, and DR evidence items listed above.",Approval with conditions
